<?xml version="1.0" encoding="UTF-8"?>
<project-private xmlns="http://www.netbeans.org/ns/project-private/1">
    <editor-bookmarks xmlns="http://www.netbeans.org/ns/editor-bookmarks/2" lastBookmarkId="0"/>
    <open-files xmlns="http://www.netbeans.org/ns/projectui-open-files/2">
        <group>
            <file>file:/C:/Users/RPR-C80A307ES/Downloads/CINE_/CINE_/CINE~/PETITE(Completo)/PETITE(Completo)/PETITE(2.0)/PETITE/src/DATABASE/Conexion.java</file>
            <file>file:/C:/Users/RPR-C80A307ES/Downloads/CINE_/CINE_/CINE~/PETITE(Completo)/PETITE(Completo)/PETITE(2.0)/PETITE/src/crud/servidorDAO.java</file>
            <file>file:/C:/Users/RPR-C80A307ES/Downloads/CINE_/CINE_/CINE~/PETITE(Completo)/PETITE(Completo)/PETITE(2.0)/PETITE/src/crud/principalserv.java</file>
            <file>file:/C:/Users/RPR-C80A307ES/Downloads/CINE_/CINE_/CINE~/PETITE(Completo)/PETITE(Completo)/PETITE(2.0)/PETITE/src/INTERFACES/CINE.java</file>
            <file>file:/C:/Users/RPR-C80A307ES/Downloads/CINE_/CINE_/CINE~/PETITE(Completo)/PETITE(Completo)/PETITE(2.0)/PETITE/src/FRONTEND_/Interfaces.java</file>
            <file>file:/C:/Users/RPR-C80A307ES/Downloads/CINE_/CINE_/CINE~/PETITE(Completo)/PETITE(Completo)/PETITE(2.0)/PETITE/src/FRONTEND_/Principal.java</file>
        </group>
    </open-files>
</project-private>
